"filename", "language", "JSON", "JSON with Comments", "HTML", "JavaScript", "Markdown", "TypeScript", "PostCSS", "TypeScript JSX", "XML", "comment", "blank", "total"
"c:\Development\Projects\Active\bitogram\bitogram-web\README.md", "Markdown", 0, 0, 0, 0, 60, 0, 0, 0, 0, 0, 14, 74
"c:\Development\Projects\Active\bitogram\bitogram-web\eslint.config.js", "JavaScript", 0, 0, 0, 22, 0, 0, 0, 0, 0, 0, 2, 24
"c:\Development\Projects\Active\bitogram\bitogram-web\index.html", "HTML", 0, 0, 14, 0, 0, 0, 0, 0, 0, 0, 1, 15
"c:\Development\Projects\Active\bitogram\bitogram-web\package-lock.json", "JSON", 7522, 0, 0, 0, 0, 0, 0, 0, 0, 0, 1, 7523
"c:\Development\Projects\Active\bitogram\bitogram-web\package.json", "JSON", 31, 0, 0, 0, 0, 0, 0, 0, 0, 0, 1, 32
"c:\Development\Projects\Active\bitogram\bitogram-web\public\logo-icon.svg", "XML", 0, 0, 0, 0, 0, 0, 0, 0, 23, 0, 2, 25
"c:\Development\Projects\Active\bitogram\bitogram-web\public\service-worker.js", "JavaScript", 0, 0, 0, 22, 0, 0, 0, 0, 0, 0, 5, 27
"c:\Development\Projects\Active\bitogram\bitogram-web\src\App.tsx", "TypeScript JSX", 0, 0, 0, 0, 0, 0, 0, 7, 0, 0, 3, 10
"c:\Development\Projects\Active\bitogram\bitogram-web\src\Router.tsx", "TypeScript JSX", 0, 0, 0, 0, 0, 0, 0, 74, 0, 0, 9, 83
"c:\Development\Projects\Active\bitogram\bitogram-web\src\components\background\Input.module.css", "PostCSS", 0, 0, 0, 0, 0, 0, 12, 0, 0, 0, 0, 12
"c:\Development\Projects\Active\bitogram\bitogram-web\src\components\background\Input.tsx", "TypeScript JSX", 0, 0, 0, 0, 0, 0, 0, 12, 0, 0, 4, 16
"c:\Development\Projects\Active\bitogram\bitogram-web\src\components\surface\Input.module.css", "PostCSS", 0, 0, 0, 0, 0, 0, 7, 0, 0, 0, 0, 7
"c:\Development\Projects\Active\bitogram\bitogram-web\src\components\surface\Input.tsx", "TypeScript JSX", 0, 0, 0, 0, 0, 0, 0, 13, 0, 0, 4, 17
"c:\Development\Projects\Active\bitogram\bitogram-web\src\components\surface\Textarea.module.css", "PostCSS", 0, 0, 0, 0, 0, 0, 10, 0, 0, 0, 0, 10
"c:\Development\Projects\Active\bitogram\bitogram-web\src\components\surface\Textarea.tsx", "TypeScript JSX", 0, 0, 0, 0, 0, 0, 0, 22, 0, 0, 6, 28
"c:\Development\Projects\Active\bitogram\bitogram-web\src\contexts\PacketManagerContext.tsx", "TypeScript JSX", 0, 0, 0, 0, 0, 0, 0, 440, 0, 0, 57, 497
"c:\Development\Projects\Active\bitogram\bitogram-web\src\contexts\SocketContext.tsx", "TypeScript JSX", 0, 0, 0, 0, 0, 0, 0, 91, 0, 0, 16, 107
"c:\Development\Projects\Active\bitogram\bitogram-web\src\hooks\useIsMobile.ts", "TypeScript", 0, 0, 0, 0, 0, 3, 0, 0, 0, 0, 0, 3
"c:\Development\Projects\Active\bitogram\bitogram-web\src\hooks\useRefState.ts", "TypeScript", 0, 0, 0, 0, 0, 14, 0, 0, 0, 0, 5, 19
"c:\Development\Projects\Active\bitogram\bitogram-web\src\hooks\useWindowWidth.ts", "TypeScript", 0, 0, 0, 0, 0, 12, 0, 0, 0, 0, 4, 16
"c:\Development\Projects\Active\bitogram\bitogram-web\src\index.css", "PostCSS", 0, 0, 0, 0, 0, 0, 36, 0, 0, 0, 5, 41
"c:\Development\Projects\Active\bitogram\bitogram-web\src\main.tsx", "TypeScript JSX", 0, 0, 0, 0, 0, 0, 0, 17, 0, 0, 2, 19
"c:\Development\Projects\Active\bitogram\bitogram-web\src\screens\Authentication.module.css", "PostCSS", 0, 0, 0, 0, 0, 0, 33, 0, 0, 0, 3, 36
"c:\Development\Projects\Active\bitogram\bitogram-web\src\screens\Authentication.tsx", "TypeScript JSX", 0, 0, 0, 0, 0, 0, 0, 292, 0, 3, 50, 345
"c:\Development\Projects\Active\bitogram\bitogram-web\src\screens\Main.module.css", "PostCSS", 0, 0, 0, 0, 0, 0, 25, 0, 0, 0, 4, 29
"c:\Development\Projects\Active\bitogram\bitogram-web\src\screens\Main.tsx", "TypeScript JSX", 0, 0, 0, 0, 0, 0, 0, 352, 0, 0, 74, 426
"c:\Development\Projects\Active\bitogram\bitogram-web\src\screens\main\Channel.module.css", "PostCSS", 0, 0, 0, 0, 0, 0, 15, 0, 0, 0, 1, 16
"c:\Development\Projects\Active\bitogram\bitogram-web\src\screens\main\Channel.tsx", "TypeScript JSX", 0, 0, 0, 0, 0, 0, 0, 48, 0, 0, 8, 56
"c:\Development\Projects\Active\bitogram\bitogram-web\src\screens\main\ChannelPreview.module.css", "PostCSS", 0, 0, 0, 0, 0, 0, 45, 0, 0, 0, 7, 52
"c:\Development\Projects\Active\bitogram\bitogram-web\src\screens\main\ChannelPreview.tsx", "TypeScript JSX", 0, 0, 0, 0, 0, 0, 0, 53, 0, 0, 10, 63
"c:\Development\Projects\Active\bitogram\bitogram-web\src\screens\main\Search.module.css", "PostCSS", 0, 0, 0, 0, 0, 0, 13, 0, 0, 0, 1, 14
"c:\Development\Projects\Active\bitogram\bitogram-web\src\screens\main\Search.tsx", "TypeScript JSX", 0, 0, 0, 0, 0, 0, 0, 133, 0, 0, 29, 162
"c:\Development\Projects\Active\bitogram\bitogram-web\src\screens\main\channel\InfoPanel.module.css", "PostCSS", 0, 0, 0, 0, 0, 0, 34, 0, 0, 0, 4, 38
"c:\Development\Projects\Active\bitogram\bitogram-web\src\screens\main\channel\InfoPanel.tsx", "TypeScript JSX", 0, 0, 0, 0, 0, 0, 0, 35, 0, 0, 5, 40
"c:\Development\Projects\Active\bitogram\bitogram-web\src\screens\main\channel\MessageInput.module.css", "PostCSS", 0, 0, 0, 0, 0, 0, 24, 0, 0, 0, 2, 26
"c:\Development\Projects\Active\bitogram\bitogram-web\src\screens\main\channel\MessageInput.tsx", "TypeScript JSX", 0, 0, 0, 0, 0, 0, 0, 82, 0, 0, 13, 95
"c:\Development\Projects\Active\bitogram\bitogram-web\src\screens\main\channel\Messages.module.css", "PostCSS", 0, 0, 0, 0, 0, 0, 15, 0, 0, 0, 1, 16
"c:\Development\Projects\Active\bitogram\bitogram-web\src\screens\main\channel\Messages.tsx", "TypeScript JSX", 0, 0, 0, 0, 0, 0, 0, 136, 0, 0, 32, 168
"c:\Development\Projects\Active\bitogram\bitogram-web\src\screens\main\channel\Messages\InfoText.module.css", "PostCSS", 0, 0, 0, 0, 0, 0, 12, 0, 0, 0, 1, 13
"c:\Development\Projects\Active\bitogram\bitogram-web\src\screens\main\channel\Messages\InfoText.tsx", "TypeScript JSX", 0, 0, 0, 0, 0, 0, 0, 17, 0, 0, 3, 20
"c:\Development\Projects\Active\bitogram\bitogram-web\src\screens\main\channel\Messages\Message.module.css", "PostCSS", 0, 0, 0, 0, 0, 0, 32, 0, 0, 0, 4, 36
"c:\Development\Projects\Active\bitogram\bitogram-web\src\screens\main\channel\Messages\Message.tsx", "TypeScript JSX", 0, 0, 0, 0, 0, 0, 0, 27, 0, 0, 4, 31
"c:\Development\Projects\Active\bitogram\bitogram-web\src\screens\main\channel\Messages\MessagesDate.module.css", "PostCSS", 0, 0, 0, 0, 0, 0, 12, 0, 0, 0, 1, 13
"c:\Development\Projects\Active\bitogram\bitogram-web\src\screens\main\channel\Messages\MessagesDate.tsx", "TypeScript JSX", 0, 0, 0, 0, 0, 0, 0, 23, 0, 0, 6, 29
"c:\Development\Projects\Active\bitogram\bitogram-web\src\screens\main\search\UserPreview.module.css", "PostCSS", 0, 0, 0, 0, 0, 0, 34, 0, 0, 0, 5, 39
"c:\Development\Projects\Active\bitogram\bitogram-web\src\screens\main\search\UserPreview.tsx", "TypeScript JSX", 0, 0, 0, 0, 0, 0, 0, 18, 0, 0, 4, 22
"c:\Development\Projects\Active\bitogram\bitogram-web\src\styles\color_variables.css", "PostCSS", 0, 0, 0, 0, 0, 0, 17, 0, 0, 0, 3, 20
"c:\Development\Projects\Active\bitogram\bitogram-web\src\styles\outher_variables.css", "PostCSS", 0, 0, 0, 0, 0, 0, 8, 0, 0, 0, 2, 10
"c:\Development\Projects\Active\bitogram\bitogram-web\src\utils\Net.ts", "TypeScript", 0, 0, 0, 0, 0, 310, 0, 0, 0, 0, 61, 371
"c:\Development\Projects\Active\bitogram\bitogram-web\tsconfig.app.json", "JSON", 31, 0, 0, 0, 0, 0, 0, 0, 0, 2, 4, 37
"c:\Development\Projects\Active\bitogram\bitogram-web\tsconfig.json", "JSON with Comments", 0, 7, 0, 0, 0, 0, 0, 0, 0, 0, 1, 8
"c:\Development\Projects\Active\bitogram\bitogram-web\tsconfig.node.json", "JSON", 22, 0, 0, 0, 0, 0, 0, 0, 0, 2, 3, 27
"c:\Development\Projects\Active\bitogram\bitogram-web\vite.config.ts", "TypeScript", 0, 0, 0, 0, 0, 37, 0, 0, 0, 1, 2, 40
"Total", "-", 7606, 7, 14, 44, 60, 376, 384, 1892, 23, 8, 489, 10903